threshold,precision,recall,f1_score,accuracy,true_positives,false_positives,true_negatives,false_negatives
0.55,0.9700934579439252,0.519,0.6762214983713355,0.7515,519,16,984,481
0.56,0.975609756097561,0.48,0.6434316353887399,0.734,480,12,988,520
0.5700000000000001,0.975929978118162,0.446,0.6122168840082362,0.7175,446,11,989,554
0.5800000000000001,0.9790209790209791,0.42,0.5878236529041287,0.7055,420,9,991,580
0.5900000000000001,0.9824120603015075,0.391,0.5593705293276109,0.692,391,7,993,609
